Product Name,Current Factory,Scenario Factory,Records Scored,Predicted Slow Probability,Predicted Slow Rate,Current Slow Probability,Probability Reduction,Improvement_Percentage_Points,Is_Current_Factory
Everlasting Gobstopper,Secret Factory,Lot's O' Nuts,3,0.5203334503716098,0.6666666666666666,0.5247327258600903,0.004399275488480514,0.4399275488480514,False
Everlasting Gobstopper,Secret Factory,Secret Factory,3,0.5247327258600903,0.6666666666666666,0.5247327258600903,0.0,0.0,True
Everlasting Gobstopper,Secret Factory,Sugar Shack,3,0.5278605507424919,0.6666666666666666,0.5247327258600903,-0.0031278248824015975,-0.31278248824015975,False
Everlasting Gobstopper,Secret Factory,The Other Factory,3,0.498854064662293,0.6666666666666666,0.5247327258600903,0.02587866119779736,2.587866119779736,False
Everlasting Gobstopper,Secret Factory,Wicked Choccy's,3,0.5142728358938021,0.6666666666666666,0.5247327258600903,0.010459889966288216,1.0459889966288216,False
Fizzy Lifting Drinks,Sugar Shack,Lot's O' Nuts,6,0.28112794815991443,0.3333333333333333,0.2926228986400306,0.011494950480116173,1.1494950480116173,False
Fizzy Lifting Drinks,Sugar Shack,Secret Factory,6,0.28748724539984727,0.3333333333333333,0.2926228986400306,0.0051356532401833355,0.5135653240183335,False
Fizzy Lifting Drinks,Sugar Shack,Sugar Shack,6,0.2926228986400306,0.3333333333333333,0.2926228986400306,0.0,0.0,True
Fizzy Lifting Drinks,Sugar Shack,The Other Factory,6,0.2781941754093261,0.3333333333333333,0.2926228986400306,0.014428723230704488,1.4428723230704488,False
Fizzy Lifting Drinks,Sugar Shack,Wicked Choccy's,6,0.29172134165721525,0.3333333333333333,0.2926228986400306,0.0009015569828153547,0.09015569828153547,False
Fun Dip,Sugar Shack,Lot's O' Nuts,3,0.4459317625535472,0.3333333333333333,0.44419362692585435,-0.0017381356276928717,-0.17381356276928717,False
Fun Dip,Sugar Shack,Secret Factory,3,0.4635066135337535,0.3333333333333333,0.44419362692585435,-0.019312986607899152,-1.9312986607899152,False
Fun Dip,Sugar Shack,Sugar Shack,3,0.44419362692585435,0.3333333333333333,0.44419362692585435,0.0,0.0,True
Fun Dip,Sugar Shack,The Other Factory,3,0.45452319678744413,0.3333333333333333,0.44419362692585435,-0.010329569861589782,-1.0329569861589782,False
Fun Dip,Sugar Shack,Wicked Choccy's,3,0.47160130256293115,0.3333333333333333,0.44419362692585435,-0.0274076756370768,-2.74076756370768,False
Hair Toffee,The Other Factory,Lot's O' Nuts,4,0.3881935184103008,0.5,0.36973023496099194,-0.018463283449308865,-1.8463283449308865,False
Hair Toffee,The Other Factory,Secret Factory,4,0.38527686767353414,0.5,0.36973023496099194,-0.015546632712542197,-1.5546632712542197,False
Hair Toffee,The Other Factory,Sugar Shack,4,0.39166986979488966,0.5,0.36973023496099194,-0.021939634833897714,-2.1939634833897714,False
Hair Toffee,The Other Factory,The Other Factory,4,0.36973023496099194,0.5,0.36973023496099194,0.0,0.0,True
Hair Toffee,The Other Factory,Wicked Choccy's,4,0.3694305076052002,0.5,0.36973023496099194,0.0002997273557917568,0.02997273557917568,False
Kazookles,The Other Factory,Lot's O' Nuts,96,0.2685113232158542,0.2604166666666667,0.26053648092817844,-0.007974842287675754,-0.7974842287675754,False
Kazookles,The Other Factory,Secret Factory,96,0.27422329557914366,0.2708333333333333,0.26053648092817844,-0.013686814650965218,-1.3686814650965218,False
Kazookles,The Other Factory,Sugar Shack,96,0.2742273214751442,0.23958333333333334,0.26053648092817844,-0.013690840546965788,-1.3690840546965788,False
Kazookles,The Other Factory,The Other Factory,96,0.26053648092817844,0.20833333333333334,0.26053648092817844,0.0,0.0,True
Kazookles,The Other Factory,Wicked Choccy's,96,0.2692250646213042,0.25,0.26053648092817844,-0.008688583693125751,-0.8688583693125751,False
Laffy Taffy,Sugar Shack,Lot's O' Nuts,10,0.3638521291720436,0.4,0.3665854496355031,0.0027333204634594765,0.27333204634594765,False
Laffy Taffy,Sugar Shack,Secret Factory,10,0.3674593792994487,0.4,0.3665854496355031,-0.0008739296639456162,-0.08739296639456162,False
Laffy Taffy,Sugar Shack,Sugar Shack,10,0.3665854496355031,0.4,0.3665854496355031,0.0,0.0,True
Laffy Taffy,Sugar Shack,The Other Factory,10,0.3529030354350557,0.4,0.3665854496355031,0.013682414200447413,1.3682414200447413,False
Laffy Taffy,Sugar Shack,Wicked Choccy's,10,0.35989997088989606,0.4,0.3665854496355031,0.006685478745607043,0.6685478745607043,False
Lickable Wallpaper,Secret Factory,Lot's O' Nuts,94,0.3431738170649925,0.32978723404255317,0.34511943549706275,0.0019456184320702508,0.19456184320702508,False
Lickable Wallpaper,Secret Factory,Secret Factory,94,0.34511943549706275,0.3404255319148936,0.34511943549706275,0.0,0.0,True
Lickable Wallpaper,Secret Factory,Sugar Shack,94,0.3495571899141792,0.3404255319148936,0.34511943549706275,-0.0044377544171164685,-0.44377544171164685,False
Lickable Wallpaper,Secret Factory,The Other Factory,94,0.33288505906097937,0.32978723404255317,0.34511943549706275,0.012234376436083383,1.2234376436083383,False
Lickable Wallpaper,Secret Factory,Wicked Choccy's,94,0.34354927447608463,0.35106382978723405,0.34511943549706275,0.0015701610209781225,0.15701610209781225,False
Nerds,Sugar Shack,Lot's O' Nuts,4,0.4869935220431137,0.5,0.48665598227031426,-0.00033753977279943337,-0.03375397727994334,False
Nerds,Sugar Shack,Secret Factory,4,0.48930998058918174,0.5,0.48665598227031426,-0.0026539983188674787,-0.2653998318867479,False
Nerds,Sugar Shack,Sugar Shack,4,0.48665598227031426,0.5,0.48665598227031426,0.0,0.0,True
Nerds,Sugar Shack,The Other Factory,4,0.4774038968475837,0.5,0.48665598227031426,0.009252085422730538,0.9252085422730538,False
Nerds,Sugar Shack,Wicked Choccy's,4,0.481512540918812,0.5,0.48665598227031426,0.005143441351502243,0.5143441351502243,False
SweeTARTS,Sugar Shack,Lot's O' Nuts,10,0.4534541511596329,0.5,0.4593193738820031,0.0058652227223702225,0.5865222722370222,False
SweeTARTS,Sugar Shack,Secret Factory,10,0.45760725696399884,0.5,0.4593193738820031,0.0017121169180042695,0.17121169180042695,False
SweeTARTS,Sugar Shack,Sugar Shack,10,0.4593193738820031,0.4,0.4593193738820031,0.0,0.0,True
SweeTARTS,Sugar Shack,The Other Factory,10,0.44726520101898937,0.4,0.4593193738820031,0.012054172863013746,1.2054172863013746,False
SweeTARTS,Sugar Shack,Wicked Choccy's,10,0.4541747859174426,0.5,0.4593193738820031,0.005144587964560521,0.5144587964560521,False
Wonka Bar - Fudge Mallows,Lot's O' Nuts,Lot's O' Nuts,1818,0.3161550374010338,0.33828382838283827,0.3161550374010338,0.0,0.0,True
Wonka Bar - Fudge Mallows,Lot's O' Nuts,Secret Factory,1818,0.32149871030799504,0.33773377337733773,0.3161550374010338,-0.00534367290696125,-0.534367290696125,False
Wonka Bar - Fudge Mallows,Lot's O' Nuts,Sugar Shack,1818,0.3253729044861984,0.3426842684268427,0.3161550374010338,-0.009217867085164588,-0.9217867085164588,False
Wonka Bar - Fudge Mallows,Lot's O' Nuts,The Other Factory,1818,0.3092461189183279,0.3327832783278328,0.3161550374010338,0.006908918482705917,0.6908918482705917,False
Wonka Bar - Fudge Mallows,Lot's O' Nuts,Wicked Choccy's,1818,0.31858323155128315,0.3393839383938394,0.3161550374010338,-0.002428194150249363,-0.2428194150249363,False
Wonka Bar - Milk Chocolate,Wicked Choccy's,Lot's O' Nuts,2137,0.32702973793528234,0.3607861488067384,0.32902664486227245,0.0019969069269901163,0.19969069269901163,False
Wonka Bar - Milk Chocolate,Wicked Choccy's,Secret Factory,2137,0.33213310898900417,0.36218998596162844,0.32902664486227245,-0.0031064641267317117,-0.31064641267317117,False
Wonka Bar - Milk Chocolate,Wicked Choccy's,Sugar Shack,2137,0.3366433709722423,0.36593355170800185,0.32902664486227245,-0.007616726109969829,-0.7616726109969829,False
Wonka Bar - Milk Chocolate,Wicked Choccy's,The Other Factory,2137,0.3192686125548425,0.358446420215255,0.32902664486227245,0.009758032307429942,0.9758032307429942,False
Wonka Bar - Milk Chocolate,Wicked Choccy's,Wicked Choccy's,2137,0.32902664486227245,0.36031820308844176,0.32902664486227245,0.0,0.0,True
Wonka Bar - Nutty Crunch Surprise,Lot's O' Nuts,Lot's O' Nuts,1810,0.3258505217031831,0.3419889502762431,0.3258505217031831,0.0,0.0,True
Wonka Bar - Nutty Crunch Surprise,Lot's O' Nuts,Secret Factory,1810,0.3317708144167737,0.34806629834254144,0.3258505217031831,-0.005920292713590569,-0.5920292713590569,False
Wonka Bar - Nutty Crunch Surprise,Lot's O' Nuts,Sugar Shack,1810,0.3361062271147022,0.35303867403314915,0.3258505217031831,-0.0102557054115191,-1.02557054115191,False
Wonka Bar - Nutty Crunch Surprise,Lot's O' Nuts,The Other Factory,1810,0.31933133710395273,0.343646408839779,0.3258505217031831,0.006519184599230399,0.6519184599230399,False
Wonka Bar - Nutty Crunch Surprise,Lot's O' Nuts,Wicked Choccy's,1810,0.3291455870755959,0.34806629834254144,0.3258505217031831,-0.003295065372412753,-0.3295065372412753,False
Wonka Bar - Triple Dazzle Caramel,Wicked Choccy's,Lot's O' Nuts,2015,0.3162363461706174,0.3270471464019851,0.3164426964150509,0.00020635024443349526,0.020635024443349526,False
Wonka Bar - Triple Dazzle Caramel,Wicked Choccy's,Secret Factory,2015,0.3197146064591684,0.32853598014888336,0.3164426964150509,-0.0032719100441174764,-0.32719100441174764,False
Wonka Bar - Triple Dazzle Caramel,Wicked Choccy's,Sugar Shack,2015,0.3238129474113839,0.33300248138957816,0.3164426964150509,-0.007370250996332983,-0.7370250996332983,False
Wonka Bar - Triple Dazzle Caramel,Wicked Choccy's,The Other Factory,2015,0.309277072960279,0.3245657568238213,0.3164426964150509,0.007165623454771897,0.7165623454771897,False
Wonka Bar - Triple Dazzle Caramel,Wicked Choccy's,Wicked Choccy's,2015,0.3164426964150509,0.32655086848635234,0.3164426964150509,0.0,0.0,True
Wonka Bar -Scrumdiddlyumptious,Lot's O' Nuts,Lot's O' Nuts,2064,0.3094075133405863,0.32073643410852715,0.3094075133405863,0.0,0.0,True
Wonka Bar -Scrumdiddlyumptious,Lot's O' Nuts,Secret Factory,2064,0.3140926218859554,0.3280038759689923,0.3094075133405863,-0.004685108545369077,-0.46851085453690766,False
Wonka Bar -Scrumdiddlyumptious,Lot's O' Nuts,Sugar Shack,2064,0.31914953129295304,0.3328488372093023,0.3094075133405863,-0.009742017952366733,-0.9742017952366733,False
Wonka Bar -Scrumdiddlyumptious,Lot's O' Nuts,The Other Factory,2064,0.3032808536870502,0.3187984496124031,0.3094075133405863,0.006126659653536093,0.6126659653536093,False
Wonka Bar -Scrumdiddlyumptious,Lot's O' Nuts,Wicked Choccy's,2064,0.3114337799667485,0.33091085271317827,0.3094075133405863,-0.0020262666261621765,-0.20262666261621765,False
Wonka Gum,Secret Factory,Lot's O' Nuts,120,0.3093139886526811,0.31666666666666665,0.31483667906047436,0.00552269040779324,0.552269040779324,False
Wonka Gum,Secret Factory,Secret Factory,120,0.31483667906047436,0.3,0.31483667906047436,0.0,0.0,True
Wonka Gum,Secret Factory,Sugar Shack,120,0.3166319672249809,0.30833333333333335,0.31483667906047436,-0.0017952881645065255,-0.17952881645065255,False
Wonka Gum,Secret Factory,The Other Factory,120,0.3027407782891676,0.30833333333333335,0.31483667906047436,0.012095900771306733,1.2095900771306733,False
Wonka Gum,Secret Factory,Wicked Choccy's,120,0.30757279866598636,0.30833333333333335,0.31483667906047436,0.007263880394487998,0.7263880394487998,False
